id,name,username,email,city,company,post_count,post_titles
1,Leanne Graham,Bret,Sincere@april.biz,Gwenborough,Romaguera-Crona,10,"['sunt aut facere repellat provident occaecati excepturi optio reprehenderit', 'qui est esse', 'ea molestias quasi exercitationem repellat qui ipsa sit aut']"
2,Ervin Howell,Antonette,Shanna@melissa.tv,Wisokyburgh,Deckow-Crist,10,"['et ea vero quia laudantium autem', 'in quibusdam tempore odit est dolorem', 'dolorum ut in voluptas mollitia et saepe quo animi']"
3,Clementine Bauch,Samantha,Nathan@yesenia.net,McKenziehaven,Romaguera-Jacobson,10,"['asperiores ea ipsam voluptatibus modi minima quia sint', 'dolor sint quo a velit explicabo quia nam', 'maxime id vitae nihil numquam']"
4,Patricia Lebsack,Karianne,Julianne.OConner@kory.org,South Elvis,Robel-Corkery,10,"['ullam ut quidem id aut vel consequuntur', 'doloremque illum aliquid sunt', 'qui explicabo molestiae dolorem']"
5,Chelsey Dietrich,Kamren,Lucio_Hettinger@annie.ca,Roscoeview,Keebler LLC,10,"['non est facere', 'commodi ullam sint et excepturi error explicabo praesentium voluptas', 'eligendi iste nostrum consequuntur adipisci praesentium sit beatae perferendis']"
6,Mrs. Dennis Schulist,Leopoldo_Corkery,Karley_Dach@jasper.info,South Christy,Considine-Lockman,10,"['soluta aliquam aperiam consequatur illo quis voluptas', 'qui enim et consequuntur quia animi quis voluptate quibusdam', 'ut quo aut ducimus alias']"
7,Kurtis Weissnat,Elwyn.Skiles,Telly.Hoeger@billy.biz,Howemouth,Johns Group,10,"['voluptatem doloribus consectetur est ut ducimus', 'beatae enim quia vel', 'voluptas blanditiis repellendus animi ducimus error sapiente et suscipit']"
8,Nicholas Runolfsdottir V,Maxime_Nienow,Sherwood@rosamond.me,Aliyaview,Abernathy Group,10,"['et iusto veniam et illum aut fuga', 'sint hic doloribus consequatur eos non id', 'consequuntur deleniti eos quia temporibus ab aliquid at']"
9,Glenna Reichert,Delphine,Chaim_McDermott@dana.io,Bartholomebury,Yost and Sons,10,"['tempora rem veritatis voluptas quo dolores vero', 'laudantium voluptate suscipit sunt enim enim', 'odit et voluptates doloribus alias odio et']"
10,Clementina DuBuque,Moriah.Stanton,Rey.Padberg@karina.biz,Lebsackbury,Hoeger LLC,10,"['aut amet sed', 'ratione ex tenetur perferendis', 'beatae soluta recusandae']"
